{
    "metrics": {
        "vus": {
            "max": 1,
            "value": 1,
            "min": 1
        },
        "http_req_blocked": {
            "p(90)": 390.06693000000007,
            "p(95)": 400.99921500000005,
            "avg": 302.60865,
            "min": 193.2858,
            "med": 302.60865,
            "max": 411.9315
        },
        "http_reqs": {
            "count": 2,
            "rate": 1.0601525803398202
        },
        "http_req_failed": {
            "passes": 0,
            "fails": 2,
            "value": 0
        },
        "vus_max": {
            "min": 1,
            "max": 1,
            "value": 1
        },
        "http_req_duration{expected_response:true}": {
            "med": 131.79695,
            "max": 236.4125,
            "p(90)": 215.48939,
            "p(95)": 225.950945,
            "avg": 131.79695,
            "min": 27.1814
        },
        "http_req_receiving": {
            "max": 0,
            "p(90)": 0,
            "p(95)": 0,
            "avg": 0,
            "min": 0,
            "med": 0
        },
        "iterations": {
            "count": 1,
            "rate": 0.5300762901699101
        },
        "http_req_duration": {
            "p(95)": 225.950945,
            "avg": 131.79695,
            "min": 27.1814,
            "med": 131.79695,
            "max": 236.4125,
            "p(90)": 215.48939
        },
        "http_req_tls_handshaking": {
            "avg": 114.75935,
            "min": 45.6558,
            "med": 114.75935,
            "max": 183.8629,
            "p(90)": 170.04219,
            "p(95)": 176.952545
        },
        "http_req_waiting": {
            "avg": 131.18895,
            "min": 26.5945,
            "med": 131.18895,
            "max": 235.7834,
            "p(90)": 214.86451,
            "p(95)": 225.32395499999998
        },
        "data_received": {
            "rate": 6209.8437393404965,
            "count": 11715
        },
        "data_sent": {
            "count": 1080,
            "rate": 572.4823933835029
        },
        "http_req_sending": {
            "avg": 0.608,
            "min": 0.5869,
            "med": 0.608,
            "max": 0.6291,
            "p(90)": 0.62488,
            "p(95)": 0.6269899999999999
        },
        "iteration_duration": {
            "p(95)": 1886.5209,
            "avg": 1886.5209,
            "min": 1886.5209,
            "med": 1886.5209,
            "max": 1886.5209,
            "p(90)": 1886.5209
        },
        "http_req_connecting": {
            "avg": 97.64385,
            "min": 22.0565,
            "med": 97.64385,
            "max": 173.2312,
            "p(90)": 158.11373,
            "p(95)": 165.672465
        }
    },
    "root_group": {
        "name": "",
        "path": "",
        "id": "d41d8cd98f00b204e9800998ecf8427e",
        "groups": {},
        "checks": {}
    }
}